galaxyS201,手机,买,京东,屏幕,好,三星,差,拍照,待机时间,
galaxyS202,手机,三星,买,问题,送,客服,京东,号,屏幕,
galaxyS203,手机,买,真的,耳机,屏幕,京东,一个,售后,问题,
huaweihonor301,买,手机,送,客服,赠品,京东,降价,充电,差评,
huaweihonor302,京东,买,手机,客服,耳机,华为,荣耀,拍照,赠品,
huaweihonor303,手机,差评,买,降价,送,京东,华为,赠品,屏幕,
huaweihonorv30pro1,买,手机,耳机,降价,送,屏幕,客服,京东,一个,
huaweihonorv30pro2,买,降价,手机,京东,太,送,客服,赠品,差评,
huaweihonorv30pro3,手机,买,京东,客服,降价,屏幕,外观,耳机,拍照,
huaweimate301,手机,买,京东,屏幕,送,待机时间,客服,华为,卡,
huaweimate302,买,手机,降价,拍照,外观,效果,运行,赠品,,
huaweimate303,买,手机,降价,刚买,降,屏幕,好,华为,,三星
huaweimate30pro1,手机,买,京东,问题,降价,拍照,好,华为,,
huaweimate30pro2,屏幕,手机,外观,买,好,外形,拍照,音效,速度,
huaweimate30pro3,降价,买,手机,好,差评,京东,刚买,客服,,
huaweip401,买,手机,拍照,效果,华为,京东,客服,差,问题,
huaweip402,手机,买,京东,客服,华为,差评,问题,送,太,
huaweip403,手机,买,客服,华为,京东,屏幕,垃圾,效果,拍照,
huaweip40pro1,手机,买,华为,屏幕,拍照,问题,京东,垃圾,真的,
huaweip40pro2,手机,华为,屏幕,京东,买,客服,拍照,问题,好,
huaweip40pro3,手机,屏幕,京东,客服,好,拍照,问题,效果,买,好
meizu171,买,魅族,失望,拍照,真的,外观,现在,想,手机,
meizu172,手机,魅族,买,屏幕,问题,缝隙,好,送,外观,
meizu173,魅族,手机,买,问题,京东,现在,好,客服,,
nova71,手机,买,客服,垃圾,差评,差,收到,好,真的,
nova72,手机,买,京东,客服,屏幕,华为,问题,一个,拍照,
nova73,手机,差,买,客服,不好,耳机,一个,京东,屏幕,
nova7pro1,买,手机,拍照,京东,问题,华为,屏幕,好,效果,
nova7pro2,手机,买,屏幕,客服,华为,问题,好,差评,京东,
nova7pro3,手机,京东,客服,号,使用,送,想,膜,华为,
nubiaHongmo1,手机,屏幕,买,游戏,好,问题,外观,运行,垃圾,
nubiaHongmo2,手机,问题,买,屏幕,售后,客服,真的,退货,差,
nubiaHongmo3,买,手机,屏幕,问题,游戏,垃圾,好,差,真的,
oneplus81,手机,买,客服,屏幕,一加,拍照,保价,真的,问题,
oneplus82,手机,买,屏幕,赠品,客服,一加,垃圾,京东,价格,
oneplus83,买,手机,一加,客服,保价,降价,耳机,京东,送,
oneplus8pro1,手机,买,问题,保价,一加,降价,退,真的,系统,
oneplus8pro2,手机,一加,买,屏幕,客服,京东,问题,送,一个,
oneplus8pro3,屏幕,手机,买,客服,外观,拍照,音效,一加,效果,
oppofindx21,手机,买,屏幕,拍照,待机时间,不好,京东,一个,好,
oppofindx22,手机,买,屏幕,感觉,好,垃圾,差,客服,售后,
oppofindx23,手机,买,好,问题,京东,客服,屏幕,一个,,赠品
oppoReno31,手机,差评,客服,买,差,卡,运行,退,视频,
oppoReno32,手机,买,问题,好,客服,差评,卡,京东,耳机,
oppoReno33,手机,买,待机时间,问题,外观,运行,屏幕,速度,客服,
oppoReno3Pro1,手机,买,拍照,问题,一个,运行,外观,速度,客服,
oppoReno3Pro2,买,手机,客服,待机时间,运行,速度,屏幕,问题,差评,
oppoReno3Pro3,手机,买,问题,垃圾,屏幕,真的,不到,京东,感觉,感觉
readmik30pro1,买,降价,手机,小米,保价,屏幕,一个月,拍照,效果,真的
readmik30pro2,手机,降价,屏幕,速度,外观,买,外形,问题,运行,
readmik30pro3,手机,降价,买,降,屏幕,保价,好,特色,小米,
tecentHeisha31,手机,买,游戏,黑,问题,好,屏幕,系统,玩,
tecentHeisha32,手机,买,问题,黑,鲨,游戏,垃圾,客服,好,
tecentHeisha33,手机,买,游戏,屏幕,卡,玩,外观,速度,拍照,
vivoiQOONeo31,买,手机,降价,保价,差评,一个月,以后,问题,,
vivoiQOONeo32,手机,买,耳机,客服,屏幕,送,京东,好,一个,
vivoiQOONeo33,买,降价,手机,屏幕,保价,客服,月,拍照,,
vivoNEX31,手机,买,差,屏幕,一个,几天,客服,速度,知道,好
vivoNEX32,手机,买,屏幕,降价,京东,体验,退货,一个,拍照,
vivoNEX33,买,手机,垃圾,客服,降价,屏幕,京东,耳机,,
vivoS61,手机,买,客服,京东,耳机,送,不行,垃圾,太,
vivoS62,手机,买,耳机,客服,一个,京东,送,运行,不好,
vivoS63,手机,买,耳机,一个,送,京东,客服,速度,慢,
vivoZ61,手机,买,差,屏幕,客服,垃圾,京东,好,太,
vivoZ62,耳机,手机,买,送,京东,客服,问题,一个,,系统
vivoZ63,手机,买,客服,速度,运行,耳机,真的,一个,特色,
xiaomi101,手机,买,屏幕,降价,几天,小米,保价,问题,刚买,
xiaomi102,手机,屏幕,外观,问题,好,小米,外形,拍照,音效,
xiaomi103,买,手机,降价,小米,屏幕,京东,保价,送,客服,
xiaomi10pro1,手机,屏幕,问题,京东,小米,差评,买,送,贴膜,
xiaomi10pro2,手机,买,屏幕,小米,音效,外观,客服,效果,号,
xiaomi10pro3,手机,好,拍照,客服,京东,小米,外观,外形,特色,
