readmik30pro1,手机,好,屏幕,拍照,不错,速度,特别,买,运行
readmik30pro2,手机,速度,外观,运行,好,屏,全面,不错,屏幕
readmik30pro3,屏幕,效果,拍照,速度,外观,运行,外形,音效,待机时间
huaweimate301,手机,速度,好,华为,拍照,屏幕,运行,充电,
huaweimate302,好,手机,华为,买,速度,屏幕,运行,效果,
huaweimate303,手机,好,拍照,速度,运行,效果,外观,屏幕,不错
huaweimate30pro1,拍照,速度,运行,效果,外观,屏幕,华为,手机,外形
huaweimate30pro2,屏幕,手机,效果,拍照,运行,速度,音效,外形,外观
huaweimate30pro3,华为,手机,好,买,屏幕,支持,苹果,感觉,拍照
galaxyS201,屏幕,外观,好,速度,音效,效果,外形,拍照,运行
galaxyS202,拍照,效果,好,外观,屏幕,外形,音效,手感,速度
galaxyS203,屏幕,运行,拍照,效果,速度,音效,外形,外观,手机
oppofindx21,好,速度,屏幕,运行,外观,音效,效果,待机时间,手机
oppofindx22,手机,屏幕,好,拍照,速度,音效,不错,外观,效果
oppofindx23,速度,屏幕,外观,拍照,运行,效果,外形,音效,好
oppoReno31,手机,好,速度,外观,很快,拍照,不错,喜欢,买
oppoReno32,手机,效果,好,速度,运行,喜欢,不错,拍照,外观
oppoReno33,速度,拍照,外观,好,运行,手机,效果,外形,屏幕
oppoReno3Pro1,手机,速度,拍照,效果,好,屏幕,不错,外观,运行
oppoReno3Pro2,手机,好,拍照,运行,外观,速度,效果,喜欢,不错
oppoReno3Pro3,外观,好,速度,屏幕,运行,效果,拍照,外形,音效
huaweip401,拍照,手机,效果,运行,屏幕,速度,外观,好,音效
huaweip402,外观,速度,效果,屏幕,拍照,外形,运行,好,音效
huaweip403,速度,好,拍照,手机,运行,屏幕,华为,效果,不错
huaweip40pro1,外观,拍照,运行,外形,速度,效果,华为,手机,屏幕
huaweip40pro2,拍照,效果,好,速度,运行,手机,屏幕,不错,待机时间
huaweip40pro3,拍照,屏幕,速度,效果,运行,外观,华为,好,音效
huaweihonor301,拍照,速度,外观,效果,好,屏幕,外形,手机,运行
huaweihonor302,运行,速度,效果,屏幕,外观,拍照,好,手机,不错
huaweihonor303,手机,好,拍照,速度,荣耀,倍,外观,运行,
huaweihonorv30pro1,好,拍照,效果,运行,速度,外观,屏幕,手机,音效
huaweihonorv30pro2,速度,手机,屏幕,拍照,运行,外观,外形,效果,音效
huaweihonorv30pro3,手机,拍照,速度,效果,好,运行,华为,屏幕,外观
xiaomi10pro1,效果,速度,屏幕,拍照,运行,音效,外观,外形,待机时间
xiaomi10pro2,屏幕,拍照,效果,速度,音效,运行,外观,好,外形
xiaomi10pro3,手机,好,小米,拍照,速度,运行,外观,屏幕,效果
xiaomi101,屏幕,效果,好,音效,拍照,外观,运行,速度,外形
xiaomi102,手机,小米,拍照,速度,好,运行,外观,屏幕,效果
xiaomi103,小米,拍照,速度,屏幕,手机,运行,音效,外观,效果
oneplus81,屏幕,外观,速度,运行,音效,拍照,外形,一加,手机
oneplus82,好,效果,拍照,速度,屏幕,手机,运行,一加,外观
oneplus83,屏幕,手感,好,运行,音效,手机,外观,一加,流畅
oneplus8pro1,屏幕,一加,好,手机,速度,外观,运行,音效,效果
oneplus8pro2,屏幕,速度,效果,拍照,外观,外形,运行,音效,待机时间
oneplus8pro3,屏幕,音效,拍照,运行,外观,外形,速度,效果,待机时间
nova71,拍照,好,速度,屏幕,运行,效果,外观,音效,待机时间
nova72,拍照,外观,效果,速度,屏幕,运行,好,手机,不错
nova73,速度,运行,手机,拍照,外观,效果,外形,好,很快
nova7pro1,好,华为,手机,运行,速度,拍照,效果,屏幕,外观
nova7pro2,好,手机,喜欢,速度,外观,满意,拍照,很快,
nova7pro3,拍照,效果,外观,速度,运行,外形,屏幕,音效,好
vivoiQOONeo31,运行,速度,手机,屏幕,拍照,音效,外观,待机时间,外形
vivoiQOONeo32,外观,运行,速度,屏幕,好,手机,拍照,外形,音效
vivoiQOONeo33,屏幕,拍照,速度,效果,手机,好,外观,音效,运行
vivoNEX31,拍照,外观,效果,屏幕,速度,音效,外形,运行,好
vivoNEX32,手机,好,屏幕,外观,速度,不错,运行,喜欢,
vivoNEX33,速度,屏幕,运行,不错,效果,外观,待机时间,手机,好
vivoS61,速度,拍照,外观,效果,运行,好,外形,屏幕,待机时间
vivoS62,手机,拍照,外观,效果,不错,运行,喜欢,速度,待机时间
vivoS63,手机,拍照,好,速度,效果,运行,外观,喜欢,好看
vivoZ61,手机,速度,运行,外观,效果,拍照,好,屏幕,不错
vivoZ62,手机,好,运行,速度,拍照,效果,屏幕,不错,待机时间
vivoZ63,好,屏幕,速度,拍照,外观,待机时间,外形,手机,音效
nubiaHongmo1,外观,运行,屏幕,手机,游戏,速度,外形,拍照,音效
nubiaHongmo2,速度,外观,外形,音效,手机,运行,屏幕,拍照,好
nubiaHongmo3,手机,好,速度,屏幕,拍照,外观,效果,运行,不错
tecentHeisha31,手机,游戏,速度,运行,外观,屏幕,拍照,效果,外形
tecentHeisha32,速度,外观,屏幕,运行,拍照,音效,外形,待机时间,好
tecentHeisha33,手机,好,屏幕,速度,运行,外观,效果,不错,外形
meizu171,速度,屏幕,拍照,运行,外观,待机时间,外形,效果,音效
meizu172,速度,运行,外观,屏幕,外形,魅族,好,音效,拍照
meizu173,好,外观,魅族,音效,屏幕,手机,运行,外形,速度
